feature,importance,importance_share
txn_count_30d,27178.225725650787,0.23045381425749636
txn_value_90d,16424.568687915802,0.1392697426194404
app_sessions_30d,12663.061140060425,0.10737458616176561
product_page_views_30d,5523.439298868179,0.046835200615857844
credit_limit,5399.037889957428,0.04578035695270321
previous_offer_acceptance_rate,4525.403824329376,0.0383725038896811
txn_count_90d,4121.155052185059,0.03494473519020921
avg_balance_30d,3908.7862153053284,0.03314398450904273
app_sessions_90d,3574.6922380924225,0.03031108319508738
days_since_last_transaction,3387.933126449585,0.028727486456290224
num_products,2552.990670442581,0.021647713272614954
salary_inflow_avg_90d,1878.4428832530975,0.01592798336728655
txn_value_trend_90d,1721.6976606845856,0.014598885037903655
txn_value_30d,1452.2222323417664,0.0123139073157684
pix_value_30d,1436.3655815124512,0.012179453150075157
log1p_avg_balance_30d,1293.8241839408875,0.010970794090004211
app_session_ratio_30_90,1280.8731098175049,0.010860977339617588
min_balance_30d,1201.4507398605347,0.010187526898859815
balance_range_30d,1182.7375016212463,0.010028850715473677
txn_count_ratio_30_90,1084.84494972229,0.009198785051870679
balance_trend_90d,1078.7344574928284,0.009146972021267243
push_open_rate_90d,1064.146540403366,0.009023275898890652
max_balance_30d,953.6460738182068,0.008086303255464968
txn_count_trend_90d,823.1203124523163,0.0069795290359380615
txn_value_ratio_30_90,720.0913999080658,0.006105910348894208
customer_segment,696.5455853939056,0.0059062570374763665
digital_engagement_trend_90d,681.7739424705505,0.005781003038598726
email_open_rate_90d,640.9545800685883,0.005434881188848506
log1p_salary_inflow_avg_90d,609.9926545619965,0.005172344042318876
pix_out_value_30d,593.5888757705688,0.005033250584604568
log1p_credit_limit,583.0066301822662,0.004943519971434621
avg_ticket_30d,500.44970965385437,0.004243490564762602
avg_ticket_90d,486.4868314266205,0.004125094368559034
pix_in_value_30d,465.7978389263153,0.003949665064123603
customer_tenure_months,452.23325991630554,0.003834646188233423
log1p_txn_value_30d,446.114049911499,0.0037827592365212164
card_spend_30d,421.5208387374878,0.003574224677381769
log1p_max_balance_30d,416.69833612442017,0.00353333296750097
campaigns_received_90d,397.0123679637909,0.0033664086621484355
days_since_last_app_session,362.7365221977234,0.0030757716105090844
pix_count_30d,325.21376371383667,0.002757602834468887
card_utilization,310.55799889564514,0.0026333314071392724
has_loan,304.6215889453888,0.0025829944819167573
pix_active_days_30d,267.1014108657837,0.0022648475860395628
has_investment,253.97294163703918,0.0021535266396441963
days_since_last_card_txn,213.80723237991333,0.001812947346716838
prior_campaign_click_rate,204.61198902130127,0.0017349776173309322
pix_out_count_30d,195.1570987701416,0.001654806249863434
pix_in_count_30d,180.29810190200806,0.0015288115459093157
card_txn_count_30d,158.49788856506348,0.0013439598059230506
log1p_txn_value_90d,154.89568948745728,0.0013134154824808585
log1p_pix_in_value_30d,152.17205953598022,0.0012903208582298188
offers_viewed_30d,146.32173013687134,0.0012407138405275944
log1p_pix_out_value_30d,134.70768976211548,0.0011422342734535387
relationship_tier_Silver,95.43056058883667,0.0008091895661780515
income_band_E,71.95599055290222,0.0006101403619568186
log1p_card_spend_30d,67.32703924179077,0.000570889842205227
merchant_segment_Small,62.71026110649109,0.0005317425431283684
has_insurance,49.24552059173584,0.0004175702332456014
region_South,44.04142951965332,0.00037344289949647815
income_band_A,43.65921974182129,0.0003702020072455623
salary_inflow_flag,36.092469215393066,0.0003060408461030777
missingindicator_push_open_rate_90d,32.85751032829285,0.00027861048247213537
region_Northeast,31.187090396881104,0.00026444639948557526
campaign_clicks_90d,26.26895046234131,0.000222743746839744
income_band_D,24.72879981994629,0.00020968426335270831
relationship_tier_Platinum,22.20313024520874,0.00018826821533957262
merchant_segment_Medium,19.59768009185791,0.00016617567950744924
merchant_segment_Micro,18.2562198638916,0.0001548009625067807
income_band_B,16.86189031600952,0.00014297794779327474
relationship_tier_Bronze,16.853790283203125,0.00014290926474256024
region_Southeast,14.185710430145264,0.00012028566947598434
merchant_segment_NotMerchant,11.951399803161621,0.00010134015730671601
income_band_C,10.149200439453125,8.605866978021153e-05
has_pos,8.841730117797852,7.497216524913921e-05
missingindicator_email_open_rate_90d,8.361700057983398,7.090182013687212e-05
relationship_tier_Gold,8.347430229187012,7.078082119793751e-05
missingindicator_avg_balance_30d,4.048140048980713,3.432561508441864e-05
missingindicator_log1p_avg_balance_30d,0.0,0.0
missingindicator_days_since_last_app,0.0,0.0
merchant_flag,0.0,0.0
has_credit_card,0.0,0.0
missingindicator_days_since_last_card,0.0,0.0
region_North,0.0,0.0
region_Midwest,0.0,0.0
