segment_variable,segment,n,observed_itt,ci_low,ci_high,mean_estimated_cate,predicted_negative_effect_share
customer_segment,Affluent,5995,0.07252823090066171,0.04977902856195712,0.0952774332393663,0.07286121415989308,0.0021684737281067556
customer_segment,Emerging,9581,0.08351765766048416,0.06562950137374728,0.10140581394722105,0.06973244532056451,0.003444316877152698
customer_segment,Mass,20478,0.07935802780990422,0.06730386424969281,0.09141219137011564,0.06954614446270604,0.002881140736400039
customer_segment,MicroMerchant,9266,0.07439683755570337,0.0559801702451207,0.09281350486628603,0.06988268349070428,0.007122814590977768
customer_segment,SMB,4680,0.06677942513646501,0.04041248737346668,0.09314636289946335,0.07225228073571496,0.007264957264957265
merchant_flag,0,36054,0.07921591895183022,0.07006193865535433,0.08836989924830611,0.0701468764578738,0.0029122982193376602
merchant_flag,1,13946,0.0717490466325541,0.05664723965686656,0.08685085360824164,0.07067787315846924,0.007170514842965725
region,Midwest,5080,0.07672148101028023,0.052063683325435664,0.1013792786951248,0.07051963460334264,0.002952755905511811
region,North,3989,0.1039063050015589,0.07633897727553204,0.13147363272758575,0.07016919351390379,0.006016545500125345
region,Northeast,12098,0.07030908516432757,0.05432820168676328,0.08628996864189187,0.07123671591342966,0.003967597950074392
region,South,7439,0.07582375143215228,0.05550553803219377,0.0961419648321108,0.06949607184442451,0.0026885334050275574
region,Southeast,21394,0.07619541494376558,0.06424357226776473,0.08814725761976644,0.07001034769547092,0.004580723567355333
