quantile,n,treated_rate,control_rate,observed_uplift,ci_low,ci_high,mean_estimated_cate
1,5000,0.40941176470588236,0.28408163265306124,0.12533013205282112,0.09918799423921777,0.15147226986642448,0.13702589160551495
2,5000,0.3749504558065795,0.2838110617682681,0.0911393940383114,0.06521000276095697,0.11706878531566582,0.11067938484236875
3,5000,0.3723188992310805,0.2712534598655595,0.10106543936552104,0.07530040108559978,0.12683047764544228,0.09490258238117558
4,5000,0.3390174583840844,0.24990145841545133,0.08911599996863309,0.06394490272713448,0.11428709721013171,0.0818716900158904
5,5000,0.3276767676767677,0.2526732673267327,0.075003500350035,0.04991431036625595,0.10009269033381404,0.07057177813268445
6,5000,0.2998790810157195,0.24493846764589122,0.05494061336982825,0.030295944374977936,0.07958528236467857,0.06053234179266607
7,5000,0.2928802588996764,0.2412974683544304,0.051582790545246004,0.027082490599393338,0.07608309049109867,0.05139399427077744
8,5000,0.268644747393745,0.22186751795690343,0.046777229436841566,0.022955025456365772,0.07059943341731736,0.0428285241896857
9,5000,0.25782178217821783,0.1806060606060606,0.07721572157215723,0.05438999154898528,0.10004145159532918,0.03386709990515057
10,5000,0.22773075372833534,0.17268757443429933,0.055043179294036015,0.03289877622384425,0.07718758236422778,0.01927653344012483
