population_fraction,incremental_gain,n_selected,n_treated,n_control,random_gain,gain_per_customer,random_gain_per_customer,model
0.0,0.0,0,0,0,0.0,0.0,0.0,S-Learner
2e-05,17.04863813229572,1,0,1,0.03838466387392779,0.00034097276264591445,7.676932774785558e-07,S-Learner
0.01014,34.09727626459144,507,250,257,19.461024584081386,0.0006819455252918289,0.0003892204916816277,S-Learner
0.02024,75.0,1012,506,506,38.84527984041492,0.0015,0.0007769055968082984,S-Learner
0.03034,103.30779569892474,1517,773,744,58.22953509674845,0.0020661559139784945,0.001164590701934969,S-Learner
0.04044,130.14457831325302,2022,1026,996,77.61379035308197,0.0026028915662650604,0.0015522758070616394,S-Learner
0.05054,158.82570281124498,2527,1282,1245,96.99804560941551,0.0031765140562249,0.0019399609121883103,S-Learner
0.06064,206.69498327759197,3032,1537,1495,116.38230086574904,0.004133899665551839,0.002327646017314981,S-Learner
0.07074,221.2756041426927,3537,1799,1738,135.76655612208256,0.004425512082853854,0.002715331122441651,S-Learner
0.08084,244.10404040404035,4042,2062,1980,155.1508113784161,0.004882080808080807,0.0031030162275683224,S-Learner
0.09094,293.9416517055655,4547,2319,2228,174.53506663474963,0.00587883303411131,0.0034907013326949923,S-Learner
0.10104,326.4058205335489,5052,2578,2474,193.91932189108317,0.006528116410670978,0.0038783864378216636,S-Learner
0.11114,335.86857562408227,5557,2833,2724,213.3035771474167,0.006717371512481645,0.004266071542948334,S-Learner
0.12124,348.7806691449814,6062,3103,2959,232.68783240375024,0.006975613382899628,0.0046537566480750045,S-Learner
0.13134,386.45203352995964,6567,3346,3221,252.07208766008378,0.007729040670599193,0.005041441753201675,S-Learner
0.14144,412.23448275862074,7072,3592,3480,271.4563429164173,0.008244689655172414,0.005429126858328346,S-Learner
0.15154,437.1319796954315,7577,3834,3743,290.84059817275084,0.008742639593908629,0.005816811963455017,S-Learner
0.16164,463.4868388067184,8082,4093,3989,310.22485342908436,0.00926973677613437,0.006204497068581687,S-Learner
0.17174,488.86839622641514,8587,4347,4240,329.6091086854179,0.009777367924528303,0.006592182173708358,S-Learner
0.18184,509.17547756552653,9092,4590,4502,348.9933639417514,0.01018350955131053,0.006979867278835028,S-Learner
0.19194,533.8813987781757,9597,4850,4747,368.377619198085,0.010677627975563514,0.0073675523839616995,S-Learner
0.20204,558.0369181380418,10102,5118,4984,387.7618744544185,0.011160738362760835,0.0077552374890883695,S-Learner
0.21214,564.8700532724506,10607,5351,5256,407.146129710752,0.011297401065449013,0.00814292259421504,S-Learner
0.22224,594.0966043217722,11112,5605,5507,426.5303849670855,0.011881932086435445,0.00853060769934171,S-Learner
0.23234,624.260219168551,11617,5868,5749,445.91464022341904,0.012485204383371019,0.00891829280446838,S-Learner
0.24244,649.7728937728937,12122,6116,6006,465.29889547975256,0.012995457875457873,0.00930597790959505,S-Learner
0.25256,691.4069451112177,12628,6379,6249,484.7215353999601,0.013828138902224354,0.009694430707999201,S-Learner
0.26266,729.8438604579683,13133,6626,6507,504.1057906562936,0.014596877209159366,0.010082115813125871,S-Learner
0.27276,754.9526487126368,13638,6880,6758,523.4900459126271,0.015099052974252736,0.010469800918252543,S-Learner
0.28286,763.0261921708186,14143,7118,7025,542.8743011689606,0.015260523843416371,0.010857486023379213,S-Learner
0.29296,790.9003984063743,14648,7369,7279,562.2585564252942,0.015818007968127486,0.011245171128505883,S-Learner
0.30306,813.5437922353253,15153,7606,7547,581.6428116816277,0.016270875844706507,0.011632856233632553,S-Learner
0.31316,840.3670983459419,15658,7859,7799,601.0270669379612,0.01680734196691884,0.012020541338759225,S-Learner
0.32326,851.4684393638172,16163,8115,8048,620.4113221942947,0.017029368787276344,0.012408226443885895,S-Learner
0.33336,880.1826086956521,16668,8388,8280,639.7955774506282,0.01760365217391304,0.012795911549012565,S-Learner
0.34346,907.4838445328965,17173,8631,8542,659.1798327069619,0.01814967689065793,0.013183596654139236,S-Learner
0.35356,938.6057331361621,17678,8887,8791,678.5640879632954,0.018772114662723244,0.013571281759265908,S-Learner
0.36366,957.8274111675128,18183,9121,9062,697.9483432196289,0.019156548223350254,0.013958966864392578,S-Learner
0.37376,976.2263604164432,18688,9371,9317,717.3325984759624,0.019524527208328864,0.014346651969519248,S-Learner
0.38386,992.1661965945891,19193,9620,9573,736.7168537322959,0.019843323931891782,0.014734337074645918,S-Learner
0.39396,1008.8242830994509,19698,9864,9834,756.1011089886294,0.020176485661989017,0.01512202217977259,S-Learner
0.40406,1034.749653121903,20203,10113,10090,775.485364244963,0.02069499306243806,0.01550970728489926,S-Learner
0.41416,1049.5444712699177,20708,10353,10355,794.8696195012965,0.020990889425398354,0.015897392390025928,S-Learner
0.42426,1063.7763605442178,21213,10629,10584,814.2538747576301,0.021275527210884358,0.0162850774951526,S-Learner
0.43436,1102.3951605483485,21718,10849,10869,833.6381300139636,0.02204790321096697,0.01667276260027927,S-Learner
0.44446,1107.4297409139976,22223,11107,11116,853.0223852702971,0.02214859481827995,0.01706044770540594,S-Learner
0.45456,1137.140073723012,22728,11334,11394,872.4066405266307,0.02274280147446024,0.017448132810532615,S-Learner
0.46466,1164.9399038461538,23233,11585,11648,891.7908957829643,0.023298798076923075,0.017835817915659285,S-Learner
0.47476,1197.1441055373498,23738,11837,11901,911.1751510392978,0.023942882110746997,0.018223503020785955,S-Learner
0.48486,1199.6985693142574,24243,12081,12162,930.5594062956313,0.02399397138628515,0.01861118812591263,S-Learner
0.49496,1203.9309677419355,24748,12348,12400,949.9436615519649,0.02407861935483871,0.018998873231039298,S-Learner
0.50508,1216.9318738639058,25254,12601,12653,969.3663014721722,0.024338637477278116,0.019387326029443444,S-Learner
0.51518,1221.524314697228,25759,12845,12914,988.7505567285058,0.02443048629394456,0.019775011134570114,S-Learner
0.52528,1240.2421388424732,26264,13098,13166,1008.1348119848393,0.024804842776849464,0.020162696239696788,S-Learner
0.53538,1261.7202651374096,26769,13342,13427,1027.5190672411727,0.025234405302748193,0.020550381344823454,S-Learner
0.54548,1270.099129416929,27274,13605,13669,1046.9033224975062,0.02540198258833858,0.020938066449950124,S-Learner
0.55558,1300.7852165792688,27779,13858,13921,1066.2875777538397,0.026015704331585374,0.021325751555076794,S-Learner
0.56568,1308.67557655688,28284,14105,14179,1085.6718330101733,0.026173511531137603,0.021713436660203464,S-Learner
0.57578,1328.053949102004,28789,14368,14421,1105.056088266507,0.02656107898204008,0.02210112176533014,S-Learner
0.58588,1322.2269353850343,29294,14607,14687,1124.4403435228405,0.026444538707700686,0.02248880687045681,S-Learner
0.59598,1335.3865979381444,29799,14861,14938,1143.824598779174,0.026707731958762887,0.02287649197558348,S-Learner
0.60608,1361.1969198367779,30304,15110,15194,1163.2088540355076,0.027223938396735557,0.02326417708071015,S-Learner
0.61618,1366.5127008812856,30809,15377,15432,1182.593109291841,0.02733025401762571,0.02365186218583682,S-Learner
0.62628,1382.8831168831166,31314,15606,15708,1201.9773645481746,0.02765766233766233,0.02403954729096349,S-Learner
0.63638,1409.1874725963044,31819,15854,15965,1221.361619804508,0.028183749451926088,0.02442723239609016,S-Learner
0.64648,1421.49056836395,32324,16102,16222,1240.7458750608419,0.028429811367278998,0.024814917501216838,S-Learner
0.65658,1425.9070586805974,32829,16367,16462,1260.1301303171754,0.028518141173611948,0.025202602606343508,S-Learner
0.66668,1447.4226717740003,33334,16626,16708,1279.514385573509,0.028948453435480005,0.025590287711470178,S-Learner
0.67678,1439.1785587923105,33839,16881,16958,1298.8986408298424,0.02878357117584621,0.025977972816596848,S-Learner
0.68688,1462.4426134385521,34344,17110,17234,1318.282896086176,0.029248852268771042,0.026365657921723518,S-Learner
0.69698,1466.674272316578,34849,17362,17487,1337.6671513425094,0.02933348544633156,0.026753343026850188,S-Learner
0.70708,1474.540260325689,35354,17607,17747,1357.051406598843,0.029490805206513777,0.027141028131976858,S-Learner
0.71718,1504.3445882156939,35859,17852,18007,1376.4356618551765,0.030086891764313877,0.02752871323710353,S-Learner
0.72728,1516.933607230896,36364,18109,18255,1395.81991711151,0.030338672144617922,0.0279163983422302,S-Learner
0.73738,1535.7615467820442,36869,18379,18490,1415.2041723678435,0.030715230935640884,0.02830408344735687,S-Learner
0.74748,1516.3888532991668,37374,18642,18732,1434.588427624177,0.030327777065983337,0.02869176855248354,S-Learner
0.7576,1529.089904200442,37880,18882,18998,1454.0110675443846,0.030581798084008842,0.02908022135088769,S-Learner
0.7677,1526.0979343990039,38385,19117,19268,1473.395322800718,0.030521958687980077,0.02946790645601436,S-Learner
0.7778,1551.6257813300545,38890,19372,19518,1492.7795780570516,0.03103251562660109,0.02985559156114103,S-Learner
0.7879,1570.7319540695025,39395,19626,19769,1512.163833313385,0.03141463908139005,0.030243276666267704,S-Learner
0.798,1586.8882229547498,39900,19878,20022,1531.5480885697186,0.031737764459095,0.030630961771394374,S-Learner
0.8081,1606.4792797237296,40405,20135,20270,1550.9323438260521,0.03212958559447459,0.031018646876521044,S-Learner
0.8182,1621.2538971161339,40910,20382,20528,1570.3165990823857,0.032425077942322675,0.03140633198164771,S-Learner
0.8283,1640.777531767424,41415,20639,20776,1589.7008543387192,0.03281555063534848,0.03179401708677439,S-Learner
0.8384,1660.4293865905847,41920,20890,21030,1609.0851095950527,0.03320858773181169,0.03218170219190106,S-Learner
0.8485,1672.0780325096312,42425,21139,21286,1628.4693648513862,0.033441560650192624,0.03256938729702773,S-Learner
0.8586,1694.173192141563,42930,21399,21531,1647.8536201077197,0.03388346384283126,0.0329570724021544,S-Learner
0.8687,1726.8042112023486,43435,21636,21799,1667.2378753640533,0.03453608422404697,0.03334475750728107,S-Learner
0.8788,1751.8867924528304,43940,21892,22048,1686.622130620387,0.03503773584905661,0.03373244261240774,S-Learner
0.8889,1768.0991067821715,44445,22166,22279,1706.0063858767205,0.03536198213564343,0.03412012771753441,S-Learner
0.899,1779.3185895727865,44950,22432,22518,1725.390641133054,0.03558637179145573,0.034507812822661084,S-Learner
0.9091,1792.4882546652034,45455,22680,22775,1744.7748963893875,0.035849765093304065,0.034895497927787754,S-Learner
0.9192,1807.5672859871502,45960,22924,23036,1764.159151645721,0.036151345719743,0.035283183032914424,S-Learner
0.9293,1814.7102065352738,46465,23176,23289,1783.5434069020546,0.03629420413070548,0.035670868138041094,S-Learner
0.9394,1834.9626104690687,46970,23434,23536,1802.927662158388,0.036699252209381375,0.036058553243167764,S-Learner
0.9495,1850.141896153038,47475,23690,23785,1822.3119174147216,0.037002837923060763,0.036446238348294434,S-Learner
0.9596,1870.8621478799987,47980,23947,24033,1841.6961726710551,0.037417242957599975,0.036833923453421104,S-Learner
0.9697,1882.6829438867862,48485,24177,24308,1861.0804279273887,0.037653658877735724,0.037221608558547774,S-Learner
0.9798,1900.2196531791906,48990,24424,24566,1880.4646831837222,0.03800439306358381,0.037609293663674444,S-Learner
0.9899,1908.9305689877501,49495,24679,24816,1899.8489384400557,0.038178611379755,0.037996978768801114,S-Learner
1.0,1919.2331936963892,50000,24935,25065,1919.2331936963892,0.038384663873927784,0.038384663873927784,S-Learner
