feature,level,smd,abs_smd
previous_offer_acceptance_rate,numeric,0.009015049883500648,0.009015049883500648
campaign_clicks_90d,numeric,0.007420229991300241,0.007420229991300241
days_since_last_transaction,numeric,0.006450011526118349,0.006450011526118349
email_open_rate_90d,missing,0.006005476269611806,0.006005476269611806
txn_value_30d,numeric,-0.005910726194408247,0.005910726194408247
customer_segment,Emerging,-0.005622098285595726,0.005622098285595726
income_band,D,-0.00527877893833073,0.00527877893833073
region,North,-0.005081396457215127,0.005081396457215127
card_spend_30d,numeric,0.004925424590751527,0.004925424590751527
merchant_segment,Small,0.00481767917045497,0.00481767917045497
email_open_rate_90d,numeric,-0.00457743625861062,0.00457743625861062
avg_ticket_30d,numeric,-0.004423971204494284,0.004423971204494284
income_band,E,0.004311245277028504,0.004311245277028504
avg_ticket_90d,numeric,-0.004210160513295352,0.004210160513295352
region,Midwest,0.004198080910616955,0.004198080910616955
has_insurance,numeric,-0.004178245518188048,0.004178245518188048
relationship_tier,Platinum,0.004127089356657063,0.004127089356657063
num_products,numeric,0.0040528763783231996,0.0040528763783231996
customer_segment,SMB,0.00402453595288976,0.00402453595288976
region,Southeast,0.003975085744969418,0.003975085744969418
has_pos,numeric,0.003971665442254315,0.003971665442254315
has_credit_card,numeric,0.003945186268312599,0.003945186268312599
merchant_segment,Micro,-0.003877796112066452,0.003877796112066452
customer_segment,MicroMerchant,-0.003877796112066452,0.003877796112066452
has_loan,numeric,0.003862783554591993,0.003862783554591993
income_band,B,-0.003814761802329728,0.003814761802329728
days_since_last_card_txn,numeric,-0.003733173714073206,0.003733173714073206
avg_balance_30d,missing,0.0036155544235885015,0.0036155544235885015
income_band,A,0.0035654425637678118,0.0035654425637678118
card_utilization,numeric,0.003382646338140873,0.003382646338140873
pix_out_value_30d,numeric,-0.0033693778385289024,0.0033693778385289024
customer_segment,Affluent,0.0032404286800134445,0.0032404286800134445
customer_segment,Mass,0.003148588113842678,0.003148588113842678
card_txn_count_30d,numeric,0.0030999825718268127,0.0030999825718268127
region,South,-0.0030280308664078054,0.0030280308664078054
income_band,C,0.0029527928546370847,0.0029527928546370847
txn_value_trend_90d,numeric,0.0028371902111349657,0.0028371902111349657
salary_inflow_flag,numeric,0.0027088537261941398,0.0027088537261941398
credit_limit,numeric,0.0027073146590568566,0.0027073146590568566
campaigns_received_90d,numeric,0.0026336707335033386,0.0026336707335033386
salary_inflow_avg_90d,numeric,-0.0024144897432635927,0.0024144897432635927
pix_active_days_30d,numeric,-0.002411328242608976,0.002411328242608976
txn_value_90d,numeric,-0.002328324196910828,0.002328324196910828
min_balance_30d,numeric,-0.0018695164755498273,0.0018695164755498273
pix_in_value_30d,numeric,-0.0018150870982716204,0.0018150870982716204
region,Northeast,-0.0017723805093299567,0.0017723805093299567
pix_in_count_30d,numeric,0.0016745117507777946,0.0016745117507777946
relationship_tier,Gold,-0.0015325777484262834,0.0015325777484262834
app_sessions_90d,numeric,-0.0014365341815369458,0.0014365341815369458
push_open_rate_90d,missing,-0.0013261604285753706,0.0013261604285753706
offers_viewed_30d,numeric,0.0013253093852563294,0.0013253093852563294
avg_balance_30d,numeric,-0.0011532453569081422,0.0011532453569081422
product_page_views_30d,numeric,-0.0010907313690162856,0.0010907313690162856
max_balance_30d,numeric,-0.0010018343331044109,0.0010018343331044109
relationship_tier,Bronze,-0.0008410833931629016,0.0008410833931629016
days_since_last_app_session,numeric,0.0008336930138335598,0.0008336930138335598
has_investment,numeric,0.0008057692872764382,0.0008057692872764382
merchant_segment,NotMerchant,0.0007492989695668294,0.0007492989695668294
merchant_flag,numeric,-0.0007492952756490427,0.0007492952756490427
txn_count_30d,numeric,-0.000748259058557523,0.000748259058557523
customer_tenure_months,numeric,0.0005653025516315114,0.0005653025516315114
txn_count_trend_90d,numeric,-0.0004931207753248598,0.0004931207753248598
app_sessions_30d,numeric,-0.0004518755614189468,0.0004518755614189468
push_open_rate_90d,numeric,0.00043882394272794765,0.00043882394272794765
digital_engagement_trend_90d,numeric,-0.000391982270166947,0.000391982270166947
pix_out_count_30d,numeric,-0.00037821360244704935,0.00037821360244704935
txn_count_90d,numeric,0.0002064058630284322,0.0002064058630284322
merchant_segment,Medium,-0.00018922045401880476,0.00018922045401880476
relationship_tier,Silver,-0.00016484043890097107,0.00016484043890097107
balance_trend_90d,numeric,-0.0001362502568980586,0.0001362502568980586
txn_count_30d,missing,0.0,0.0
txn_count_90d,missing,0.0,0.0
days_since_last_transaction,missing,0.0,0.0
customer_tenure_months,missing,0.0,0.0
merchant_flag,missing,0.0,0.0
txn_value_30d,missing,0.0,0.0
pix_in_value_30d,missing,0.0,0.0
pix_active_days_30d,missing,0.0,0.0
txn_value_90d,missing,0.0,0.0
card_utilization,missing,0.0,0.0
card_spend_30d,missing,0.0,0.0
salary_inflow_avg_90d,missing,0.0,0.0
card_txn_count_30d,missing,0.0,0.0
max_balance_30d,missing,0.0,0.0
min_balance_30d,missing,0.0,0.0
balance_trend_90d,missing,0.0,0.0
salary_inflow_flag,missing,0.0,0.0
pix_out_count_30d,missing,0.0,0.0
pix_in_count_30d,missing,0.0,0.0
avg_ticket_30d,missing,0.0,0.0
avg_ticket_90d,missing,0.0,0.0
pix_out_value_30d,missing,0.0,0.0
has_investment,missing,0.0,0.0
has_insurance,missing,0.0,0.0
days_since_last_card_txn,missing,0.0,0.0
campaign_clicks_90d,missing,0.0,0.0
campaigns_received_90d,missing,0.0,0.0
product_page_views_30d,missing,0.0,0.0
days_since_last_app_session,missing,0.0,0.0
app_sessions_90d,missing,0.0,0.0
app_sessions_30d,missing,0.0,0.0
has_pos,missing,0.0,0.0
num_products,missing,0.0,0.0
has_loan,missing,0.0,0.0
has_credit_card,missing,0.0,0.0
credit_limit,missing,0.0,0.0
digital_engagement_trend_90d,missing,0.0,0.0
previous_offer_acceptance_rate,missing,0.0,0.0
offers_viewed_30d,missing,0.0,0.0
txn_count_trend_90d,missing,0.0,0.0
txn_value_trend_90d,missing,0.0,0.0
