column,dtype,measurement_timing,description
customer_id,object,pre_treatment,Identificador anonimizado e único do cliente.
reference_date,datetime64[ns],pre_treatment,Data de referência imediatamente anterior à campanha.
campaign_wave,object,pre_treatment,Onda mensal randomizada da campanha.
customer_tenure_months,int64,pre_treatment,Tempo de relacionamento com a instituição em meses.
customer_segment,object,pre_treatment,Segmento comercial/comportamental.
region,object,pre_treatment,Macrorregião do cliente.
merchant_flag,int64,pre_treatment,Indicador de perfil merchant.
merchant_segment,object,pre_treatment,Porte do merchant; NotMerchant quando não aplicável.
income_band,object,pre_treatment,Faixa de renda ou proxy socioeconômico.
relationship_tier,object,pre_treatment,Nível de relacionamento com a instituição.
days_since_last_transaction,int64,pre_treatment,Dias desde a última transação antes da campanha.
txn_count_30d,int64,pre_treatment,Quantidade de transações nos 30 dias anteriores.
txn_count_90d,int64,pre_treatment,Quantidade de transações nos 90 dias anteriores.
txn_value_30d,float64,pre_treatment,Valor transacionado nos 30 dias anteriores.
txn_value_90d,float64,pre_treatment,Valor transacionado nos 90 dias anteriores; fortemente correlacionado com a janela de 30 dias.
avg_ticket_30d,float64,pre_treatment,Ticket médio nos 30 dias anteriores.
avg_ticket_90d,float64,pre_treatment,Ticket médio nos 90 dias anteriores.
pix_in_count_30d,int64,pre_treatment,Quantidade de Pix recebidos nos 30 dias anteriores.
pix_out_count_30d,int64,pre_treatment,Quantidade de Pix enviados nos 30 dias anteriores.
pix_in_value_30d,float64,pre_treatment,Valor de Pix recebidos nos 30 dias anteriores.
pix_out_value_30d,float64,pre_treatment,Valor de Pix enviados nos 30 dias anteriores.
pix_active_days_30d,int64,pre_treatment,Dias com atividade Pix nos 30 dias anteriores.
avg_balance_30d,float64,pre_treatment,Saldo médio nos 30 dias anteriores; contém zeros legítimos e missing.
min_balance_30d,float64,pre_treatment,Saldo mínimo nos 30 dias anteriores.
max_balance_30d,float64,pre_treatment,Saldo máximo nos 30 dias anteriores.
balance_trend_90d,float64,pre_treatment,Tendência relativa do saldo antes da campanha.
salary_inflow_flag,int64,pre_treatment,Indicador de entrada recorrente de salário.
salary_inflow_avg_90d,float64,pre_treatment,Valor médio de entradas salariais em 90 dias.
card_txn_count_30d,int64,pre_treatment,Quantidade de transações no cartão em 30 dias.
card_spend_30d,float64,pre_treatment,Gasto no cartão em 30 dias.
card_utilization,float64,pre_treatment,Razão aproximada de utilização do limite.
credit_limit,float64,pre_treatment,Limite de crédito disponível antes da campanha.
days_since_last_card_txn,int64,pre_treatment,Dias desde a última transação no cartão; possui código sentinela quando não aplicável.
has_credit_card,int64,pre_treatment,Indicador de cartão ativo.
has_loan,int64,pre_treatment,Indicador de empréstimo ativo.
has_investment,int64,pre_treatment,Indicador de investimento ativo.
has_insurance,int64,pre_treatment,Indicador de seguro ativo.
has_pos,int64,pre_treatment,Indicador de POS ativo.
num_products,int64,pre_treatment,Quantidade total de produtos ativos.
app_sessions_30d,float64,pre_treatment,Sessões no app nos 30 dias anteriores.
app_sessions_90d,float64,pre_treatment,Sessões no app nos 90 dias anteriores.
days_since_last_app_session,float64,pre_treatment,Dias desde a última sessão; contém código sentinela proposital.
push_open_rate_90d,float64,pre_treatment,Taxa histórica de abertura de push; missing cresce ao longo das ondas.
email_open_rate_90d,float64,pre_treatment,Taxa histórica de abertura de e-mail; missing cresce ao longo das ondas.
product_page_views_30d,float64,pre_treatment,Visualizações de páginas de produto antes da campanha.
campaigns_received_90d,int64,pre_treatment,Campanhas recebidas antes do experimento.
campaign_clicks_90d,int64,pre_treatment,Cliques em campanhas anteriores.
offers_viewed_30d,int64,pre_treatment,Ofertas visualizadas antes do experimento.
previous_offer_acceptance_rate,float64,pre_treatment,Taxa histórica de aceitação de ofertas.
txn_count_trend_90d,float64,pre_treatment,Tendência da quantidade de transações.
txn_value_trend_90d,float64,pre_treatment,Tendência do valor transacionado.
digital_engagement_trend_90d,float64,pre_treatment,Tendência de engajamento digital.
treatment_assigned,int64,assignment,Indicador de randomização: 1 recebeu atribuição ao tratamento; 0 controle.
message_delivered,int64,post_assignment,Indicador pós-atribuição de entrega efetiva da mensagem; representa non-compliance/mediador.
channel,object,post_assignment,Canal operacional da campanha para tratados; Control no grupo controle.
campaign_cost,float64,post_assignment,Custo operacional observado da campanha; variável pós-tratamento.
post_campaign_product_page_views_7d,int64,post_assignment,Visualizações após a campanha; variável deliberadamente pós-tratamento e inadequada como covariável pré-tratamento.
conversion_30d,int64,outcome,Outcome binário observado: contratação/conversão em até 30 dias.
revenue_30d,float64,outcome,Receita observada em 30 dias associada à conversão.
margin_30d,float64,outcome,Margem bruta observada em 30 dias antes de descontar o custo de campanha.
